{"cameraMode":{"drawMode":0,"name":"Shaded","section":"Shading Mode"},"sceneLighting":true,"audioPlay":false,"sceneViewState":{"m_AlwaysRefresh":false,"showFog":true,"showSkybox":true,"showFlares":true,"showImageEffects":true,"showParticleSystems":true,"showVisualEffectGraphs":true,"m_FxEnabled":true},"in2DMode":false,"pivot":{"x":0.00011562183499336243,"y":0.060493119060993198,"z":-0.002612348645925522},"rotation":{"x":0.03641664236783981,"y":-0.23753592371940614,"z":0.00891161896288395,"w":0.9706552028656006},"size":0.026441622525453569,"orthographic":false}